route,hour,journeys
10,8,4
10,10,4
10,12,4
10,14,4
10,16,4
101,0,2
101,4,1
101,5,7
101,6,10
101,7,14
101,8,18
101,9,22
101,10,22
101,11,22
101,12,22
101,13,22
101,14,22
101,15,19
101,16,20
101,17,20
101,18,19
101,19,16
101,20,11
101,21,10
101,22,9
101,23,4
103,6,2
103,7,2
103,8,6
103,9,8
103,10,8
103,11,8
103,12,8
103,13,8
103,14,8
103,15,8
103,16,8
103,17,8
103,18,6
103,19,4
103,20,4
103,21,4
103,22,4
104,8,4
104,9,4
104,10,4
104,11,4
104,12,4
104,13,4
104,14,4
104,15,4
104,16,4
104,17,4
107,2,3
107,4,12
107,5,6
107,6,13
107,7,8
107,8,12
107,9,10
107,10,11
107,11,10
107,12,11
107,13,10
107,14,11
107,15,10
107,16,10
107,17,9
107,18,9
107,19,8
107,20,11
107,21,6
107,22,9
107,23,2
109,5,2
109,6,8
109,7,8
109,8,7
109,9,7
109,10,8
109,11,8
109,12,8
109,13,8
109,14,9
109,15,7
109,16,8
109,17,8
109,18,6
109,19,2
112,5,1
112,6,2
112,7,3
112,8,5
112,9,4
112,10,5
112,11,5
112,12,5
112,13,5
112,14,5
112,15,5
112,16,3
112,17,5
112,18,3
112,19,4
112,20,2
116,5,2
116,6,9
116,7,14
116,8,16
116,9,21
116,10,22
116,11,22
116,12,22
116,13,22
116,14,22
116,15,21
116,16,19
116,17,19
116,18,18
116,19,13
116,20,11
116,21,10
116,22,9
116,23,8
120130,5,5
120130,6,14
120130,7,22
120130,8,17
120130,9,22
120130,10,18
120130,11,19
120130,12,19
120130,13,18
120130,14,19
120130,15,18
120130,16,18
120130,17,15
120130,18,13
120130,19,5
120130,20,6
120130,21,4
120130,22,8
120130,23,2
121,7,3
121,8,1
121,9,4
121,10,4
121,11,4
121,12,4
121,13,4
121,14,4
121,15,3
121,16,5
121,17,4
121,18,4
121,19,2
122,5,3
122,6,8
122,7,6
122,8,9
122,9,10
122,10,9
122,11,9
122,12,9
122,13,9
122,14,9
122,15,8
122,16,9
122,17,8
122,18,4
122,19,2
122,20,4
122,22,2
124,6,7
124,7,6
124,8,3
124,9,5
124,10,4
124,11,4
124,12,4
124,13,5
124,14,4
124,15,2
124,16,5
124,17,4
124,18,3
124,19,5
124,20,3
124,21,1
12A,5,1
12A,6,4
12A,7,3
12A,8,6
12A,9,6
12A,10,5
12A,11,4
12A,12,5
12A,13,5
12A,14,4
12A,15,5
12A,16,5
12A,17,4
12A,18,3
12A,19,2
12A,20,2
13,9,3
13,10,3
13,11,3
13,12,1
13,13,3
13,14,3
13,15,1
132,0,2
132,4,5
132,5,10
132,6,14
132,7,12
132,8,17
132,9,22
132,10,19
132,11,18
132,12,18
132,13,18
132,14,17
132,15,16
132,16,14
132,17,12
132,18,11
132,19,7
132,20,4
132,21,4
132,22,4
132,23,2
133,8,1
133,15,1
137,10,2
137,12,2
137,14,2
137,17,2
138,10,2
138,12,2
138,14,2
138,15,2
138,17,2
139,6,2
139,7,2
139,8,1
139,16,1
14,5,1
14,6,2
14,7,2
14,8,1
14,9,3
14,10,3
14,11,3
14,12,3
14,13,3
14,14,3
14,15,2
14,16,3
14,17,3
14,18,2
14,19,2
15,6,20
15,7,20
15,8,19
15,9,26
15,10,30
15,11,28
15,12,30
15,13,28
15,14,30
15,15,28
15,16,30
15,17,24
15,18,17
15,19,6
15,20,4
15,21,4
15,22,4
15,23,4
150,6,2
150,7,8
150,8,8
150,9,8
150,10,8
150,11,8
150,12,8
150,13,8
150,14,8
150,15,8
150,16,8
150,17,8
150,18,8
150,19,2
150,20,2
150,21,2
150,22,2
150,23,2
151,5,3
151,6,10
151,7,12
151,8,17
151,9,18
151,10,18
151,11,18
151,12,18
151,13,18
151,14,18
151,15,16
151,16,16
151,17,15
151,18,9
151,19,6
151,20,5
151,21,5
151,22,5
152,5,2
152,6,3
152,7,3
152,8,2
152,9,6
152,11,4
152,12,2
152,13,4
152,15,5
152,16,3
152,17,4
152,18,3
153,4,1
153,6,1
153,14,1
153,17,1
154,4,1
155,9,4
155,10,2
155,11,2
155,12,2
155,13,2
155,15,2
155,16,2
15A,7,6
15A,9,6
15A,16,4
15A,18,4
15C,5,4
15C,7,4
15C,12,4
15C,14,4
15C,16,6
15C,18,6
16,8,4
16,9,8
16,10,4
16,11,8
16,12,4
16,13,8
16,14,4
16,15,4
16,16,4
16,17,4
16,18,4
17,6,1
17,7,1
17,8,4
17,9,4
17,10,4
17,11,4
17,12,4
17,13,4
17,14,4
17,15,4
17,16,4
17,17,3
17,18,1
17,20,4
17,21,4
17,22,4
17,23,2
170,7,6
170,8,8
170,9,8
170,10,8
170,11,8
170,12,8
170,13,8
170,14,6
170,15,4
170,16,10
170,17,8
170,18,2
173,6,2
173,7,1
173,18,4
173,20,4
173,22,4
17A,7,1
17A,15,1
17A,16,1
17A,17,1
18,7,3
18,8,4
18,9,2
18,10,3
18,11,2
18,12,2
18,13,2
18,14,2
18,15,3
18,16,2
18,17,3
18,18,2
18,19,2
188,6,3
188,7,2
188,8,2
188,9,2
188,10,2
188,11,2
188,12,2
188,13,2
188,14,2
188,15,4
188,17,4
188,19,2
19,9,2
19,10,2
19,11,2
19,12,2
19,13,2
19,14,2
1B,7,2
1B,8,6
1B,9,6
1B,10,4
1B,11,6
1B,12,6
1B,13,4
1B,14,4
1B,15,6
1B,16,6
1B,17,4
1B,18,2
21,4,2
21,5,2
21,6,3
21,7,5
21,8,5
21,9,4
21,10,4
21,11,4
21,12,4
21,13,4
21,14,4
21,15,5
21,16,5
21,17,4
21,18,6
21,19,3
21,20,4
21,23,2
229,7,6
229,9,4
229,12,4
229,15,2
229,16,2
229,17,6
229,18,4
23,6,7
23,7,8
23,8,9
23,9,10
23,10,11
23,11,9
23,12,11
23,13,9
23,14,11
23,15,9
23,16,11
23,17,7
23,18,7
23,19,4
23,20,3
23,21,2
23,22,2
233,6,2
233,7,3
233,8,4
233,9,4
233,10,4
233,11,4
233,12,4
233,13,4
233,14,4
233,15,4
233,16,4
233,17,3
233,18,3
233,19,2
233,20,4
233,22,4
23H,7,4
23H,8,3
23H,9,2
23H,10,2
23H,11,2
23H,12,3
23H,13,1
23H,14,3
23H,15,1
23H,16,2
23H,17,2
23H,18,2
23M,7,4
23M,9,4
23M,15,4
23M,17,4
245,8,1
245,15,1
25,6,2
25,7,4
25,8,6
25,9,6
25,10,6
25,11,6
25,12,6
25,13,6
25,14,6
25,15,6
25,16,6
25,17,4
25,18,2
25,19,2
251,6,2
251,7,4
251,8,4
251,9,4
251,10,5
251,11,5
251,12,5
251,13,5
251,14,5
251,15,4
251,16,5
251,17,4
251,18,2
252,7,2
252,8,2
252,9,5
252,10,5
252,11,5
252,12,5
252,13,5
252,14,4
252,15,5
252,16,5
252,17,5
252,18,4
252,19,2
26,6,6
26,7,6
26,8,5
26,9,6
26,10,6
26,11,6
26,12,6
26,13,6
26,14,6
26,15,6
26,16,6
26,17,4
26,18,6
26,19,5
26,20,6
26,21,2
26,22,2
26A,5,2
26A,6,4
26A,7,4
26A,8,4
26A,9,4
26A,10,4
26A,11,4
26A,12,4
26A,13,4
26A,14,5
26A,15,3
26A,16,4
26A,17,4
26A,18,4
26A,19,4
26A,20,4
26A,21,4
26A,22,4
27,6,2
27,7,2
27,8,2
27,9,4
27,11,8
27,13,8
27,15,2
27,16,8
27,17,4
27,18,6
276,7,1
276,15,1
295,0,4
295,4,2
295,5,16
295,6,12
295,7,12
295,8,16
295,9,24
295,10,20
295,11,20
295,12,22
295,13,18
295,14,20
295,15,20
295,16,18
295,17,16
295,18,14
295,19,18
295,20,14
295,21,14
295,22,12
295,23,8
296,5,6
296,6,8
296,7,13
296,8,16
296,9,12
296,10,13
296,11,10
296,12,15
296,13,10
296,14,14
296,15,8
296,16,16
296,17,11
296,18,13
296,19,14
296,20,6
296,21,7
296,22,3
296,23,4
33,7,2
33,8,2
33,9,2
33,10,2
33,11,2
33,12,2
33,13,2
33,14,2
33,15,2
33,16,2
33,17,2
33,18,2
33,19,2
35,6,2
35,7,6
35,8,6
35,9,6
35,10,6
35,11,6
35,12,6
35,13,6
35,14,6
35,15,6
35,16,6
35,17,6
35,18,4
351,6,9
351,7,10
351,8,10
351,9,14
351,10,12
351,11,12
351,12,12
351,13,12
351,14,12
351,15,11
351,16,10
351,17,10
351,18,8
353,6,6
353,7,11
353,8,12
353,9,17
353,10,20
353,11,20
353,12,20
353,13,20
353,14,20
353,15,19
353,16,19
353,17,14
353,18,9
38,8,2
38,9,2
38,10,2
38,11,2
38,12,2
38,13,2
38,14,2
38,15,2
38,16,2
38,17,2
38,18,2
4,9,2
4,10,6
4,11,4
4,12,6
4,13,6
4,14,4
404,6,4
404,7,6
404,8,5
404,9,4
404,10,5
404,11,5
404,12,5
404,13,5
404,14,5
404,15,4
404,16,5
404,17,5
404,18,4
404,19,1
45S,15,1
48,6,9
48,7,9
48,8,8
48,9,10
48,10,10
48,11,8
48,12,10
48,13,10
48,14,8
48,15,10
48,16,10
48,17,8
48,18,9
48,19,8
48,20,3
48S,8,1
4A,7,4
4A,8,5
4A,9,4
4A,10,4
4A,11,4
4A,12,4
4A,13,4
4A,14,4
4A,15,4
4A,16,4
4A,17,4
4A,18,2
4B,8,2
4B,9,4
4B,10,4
4B,11,4
4B,12,4
4B,13,4
4B,14,4
4B,15,4
4B,16,4
4B,17,4
4B,18,1
5,5,2
5,6,5
5,7,8
5,8,7
5,9,12
5,10,10
5,11,10
5,12,10
5,13,10
5,14,10
5,15,16
5,16,14
5,17,14
5,18,8
5,19,4
5,20,4
5,21,4
5,22,4
50A,7,1
50A,16,1
50A,17,1
51,6,4
51,7,4
51,9,6
51,10,6
51,11,6
51,12,6
51,13,4
51,16,4
51,17,4
51,18,4
51,19,4
51C,6,6
51C,7,4
51C,8,4
51C,9,4
51C,10,4
51C,11,4
51C,12,4
51C,13,4
51C,14,4
51C,15,4
51C,16,4
51C,17,4
51C,18,2
56,5,3
56,7,3
56,17,3
56,18,3
58,8,4
58,9,6
58,10,12
58,11,12
58,12,6
58,13,15
58,14,12
58,15,6
58,16,4
585,9,3
585,10,3
585,11,3
585,12,3
585,13,3
585,14,1
585,15,3
585,16,3
585,17,3
585,18,3
585,19,1
585,20,3
585,21,6
59,9,2
59,12,1
59,14,1
60,7,1
60,8,2
60,9,4
60,11,2
60,12,1
60,13,2
60,14,1
60,15,2
60,16,1
60,17,1
60,18,1
64B,5,3
65,6,2
65,17,3
7,5,3
7,6,3
7,13,2
7,14,1
7,21,3
7,22,3
75,5,2
75,6,2
75,7,2
75,9,6
75,10,4
75,11,4
75,12,4
75,14,2
75,16,2
75,17,2
75,18,2
75,19,6
75,20,4
75,21,8
75,22,8
75A,6,2
75A,7,6
75A,14,2
75A,16,2
75S,7,4
75S,15,2
76,5,2
76,6,6
76,7,10
76,8,4
76,9,12
76,10,8
76,11,4
76,12,8
76,13,8
76,14,8
76,15,8
76,16,7
76,17,5
76,18,10
76,19,6
76,20,4
77,7,4
77,9,12
77,11,12
77,13,8
77,14,4
77,16,12
77,18,10
77A,8,6
77A,10,12
77A,12,12
77A,13,4
77A,14,6
77A,15,2
77A,17,4
77B,5,2
77B,18,2
77C,6,4
77C,7,4
77C,16,4
77C,18,4
77E,5,6
77E,6,8
77E,7,4
77E,15,2
77E,17,6
77S,15,2
78,5,3
78,6,5
78,7,4
78,8,4
78,9,4
78,10,4
78,11,4
78,12,4
78,13,4
78,14,4
78,15,4
78,16,4
78,17,4
78,18,2
79,6,3
79,7,3
79,8,4
79,9,4
79,10,4
79,11,4
79,12,4
79,13,4
79,14,4
79,15,4
79,16,4
79,17,4
79,18,4
79,19,2
8,5,1
8,6,11
8,7,8
8,8,11
8,9,12
8,10,12
8,11,12
8,12,12
8,13,12
8,14,12
8,15,12
8,16,10
8,17,10
8,18,10
8,19,8
8,20,4
80,7,1
80,15,1
801802803,7,3
801802803,15,3
807,7,1
807,15,1
81,6,4
81,7,6
81,8,8
81,9,8
81,10,8
81,11,8
81,12,8
81,13,8
81,14,8
81,15,8
81,16,8
81,17,7
81,18,5
81,19,2
82,8,1
82,16,1
86X,5,1
86X,6,3
86X,7,4
86X,8,4
86X,9,4
86X,10,4
86X,11,4
86X,12,4
86X,13,4
86X,14,3
86X,15,4
86X,16,4
86X,17,3
86X,18,4
86X,19,2
87,6,2
87,7,1
87,9,4
87,10,1
87,11,1
87,12,2
87,13,2
87,15,1
87,17,4
8A,6,4
8A,7,4
8A,8,4
8A,9,4
8A,10,4
8A,11,4
8A,12,4
8A,13,4
8A,14,4
8A,15,4
8A,16,4
8A,17,4
8A,18,4
8A,19,4
8A,20,4
91,8,2
91,9,4
91,10,2
91,11,4
91,12,2
91,13,2
91,14,4
91,15,2
91,16,4
91,17,2
99,9,6
99,10,8
99,11,8
99,12,4
99,13,8
99,14,8
99,15,8
99,16,6
99,17,2
9B,6,1
9B,8,4
9B,9,4
9B,10,4
9B,11,4
9B,12,4
9B,13,4
9B,14,4
9B,15,4
9B,16,4
9B,17,4
9B,18,3
9B,19,7
9B,20,10
9B,21,10
9B,22,8
9C,4,1
A,5,2
A,6,6
A,7,10
A,8,12
A,9,15
A,10,14
A,11,14
A,12,14
A,13,14
A,14,14
A,15,13
A,16,12
A,17,11
A,18,6
A,19,5
A,20,8
A,21,6
A,22,4
A,23,4
AB01,6,2
AB01,7,2
AB01,9,2
AB01,10,2
AB01,11,2
AB01,12,2
AB01,13,2
AB01,14,2
AB01,15,2
AB01,16,2
AB01,17,2
AB02,8,2
AB02,9,2
AB02,10,2
AB02,11,2
AB02,12,2
AB02,13,2
AB02,14,2
AB02,15,2
AB02,16,2
AB02,17,2
AB06,7,3
AB06,8,3
AB06,9,4
AB06,10,4
AB06,11,4
AB06,12,4
AB06,13,4
AB06,14,4
AB06,15,4
AB06,16,4
AB06,17,4
AB06,18,2
AB08,5,2
AB08,6,6
AB08,7,4
AB08,8,4
AB08,9,4
AB08,10,4
AB08,11,4
AB08,12,4
AB08,13,4
AB08,14,4
AB08,15,4
AB08,16,4
AB08,17,4
AB08,18,4
AB08,19,4
AB09,5,2
AB09,6,5
AB09,7,7
AB09,8,9
AB09,9,9
AB09,10,10
AB09,11,10
AB09,12,10
AB09,13,10
AB09,14,10
AB09,15,10
AB09,16,8
AB09,17,8
AB09,18,7
AB09,19,8
AB09,20,4
AB09,21,2
AB106,6,4
AB106,7,4
AB106,8,4
AB106,9,4
AB106,10,4
AB106,11,4
AB106,12,4
AB106,13,4
AB106,14,4
AB106,15,4
AB106,16,4
AB106,17,4
AB106,18,4
AB11,7,2
AB11,8,2
AB11,9,2
AB11,10,2
AB11,11,2
AB11,12,2
AB11,13,2
AB11,14,2
AB11,15,2
AB11,16,2
AB11,17,2
AB11,18,2
AB11,19,2
AB11,21,2
AB11,22,2
AB113,7,4
AB113,8,2
AB113,9,2
AB113,10,2
AB113,11,2
AB113,12,2
AB113,13,2
AB113,14,2
AB113,15,2
AB113,16,2
AB113,17,2
AB113,18,2
AB113,20,2
AB113,21,2
AB14,7,4
AB14,8,13
AB14,9,14
AB14,10,14
AB14,11,14
AB14,12,14
AB14,13,14
AB14,14,14
AB14,15,14
AB14,16,14
AB14,17,13
AB14,18,6
AB172,4,1
AB172,5,1
AB172,6,3
AB172,7,2
AB172,8,3
AB172,9,5
AB172,10,4
AB172,11,6
AB172,12,4
AB172,13,5
AB172,14,5
AB172,15,4
AB172,16,6
AB172,17,3
AB172,18,6
AB172,19,1
AB172,20,3
AB25,18,2
AB25,19,4
AB25,20,5
AB25,21,4
AB25,22,4
AB60,5,4
AB60,6,7
AB60,7,11
AB60,8,11
AB60,9,14
AB60,10,13
AB60,11,13
AB60,12,13
AB60,13,13
AB60,14,13
AB60,15,11
AB60,16,11
AB60,17,7
AB60,18,8
AB60,19,6
AB60,20,5
AB60,21,4
AB60,22,4
AB60,23,2
AB72,10,1
AB72,11,1
AB72,12,1
AB72,13,1
AB72,15,1
AB72,16,1
AB72,17,1
AB72,18,1
AB72,19,1
AB72,20,1
AB89,13,1
AB89,14,1
AB89,15,1
AB89,16,1
AB89,17,1
AB89,18,1
AB95,7,3
AB95,8,2
AB95,9,2
AB95,10,2
AB95,11,2
AB95,13,2
AB95,14,2
AB95,15,2
AB95,16,2
AB95,17,2
AS1,7,4
AS1,15,4
BB8,7,1
BB8,15,1
BL5,6,2
BL5,7,4
BL5,8,4
BL5,9,4
BL5,10,4
BL5,11,4
BL5,12,4
BL5,13,4
BL5,14,4
BL5,15,4
BL5,16,4
BL5,17,2
BL5,18,4
BL5,19,2
BL5,20,4
BL5,21,2
BL5,22,4
BS009,6,16
BS009,7,20
BS009,8,20
BS009,9,20
BS009,10,24
BS009,11,24
BS009,12,24
BS009,13,24
BS009,14,24
BS009,15,24
BS009,16,27
BS009,17,27
BS009,18,14
BS009,19,13
BS009,20,10
BS009,21,4
BS009,22,4
BS009,23,2
BS013,6,2
BS013,7,3
BS013,8,4
BS013,9,4
BS013,10,4
BS013,11,4
BS013,12,4
BS013,13,4
BS013,14,4
BS013,15,4
BS013,16,4
BS013,17,4
BS013,18,2
BS086,7,4
BS086,8,2
BS086,9,2
BS086,10,2
BS086,11,2
BS086,12,2
BS086,13,2
BS086,14,2
BS086,15,2
BS086,16,1
BS086,17,2
BS086,18,2
BS086,19,1
BS25,8,4
BS25,9,4
BS25,10,4
BS25,11,4
BS25,12,4
BS25,13,4
BS25,14,4
BS25,15,4
BS25,16,4
BS25,17,4
BS505,5,2
BS505,6,4
BS505,7,8
BS505,8,6
BS505,9,8
BS505,10,10
BS505,11,10
BS505,12,10
BS505,13,10
BS505,14,10
BS505,15,10
BS505,16,9
BS505,17,10
BS505,18,9
BS505,19,5
BS505,20,4
BS505,21,4
BS505,22,4
BS525,5,4
BS525,6,4
BS525,7,6
BS525,8,6
BS525,9,6
BS525,10,6
BS525,11,6
BS525,12,6
BS525,13,6
BS525,14,5
BS525,15,6
BS525,16,6
BS525,17,6
BS525,18,6
BS525,19,6
BS525,20,1
BX,5,2
BX,6,8
BX,7,13
BX,8,9
BX,9,13
BX,10,15
BX,11,14
BX,12,14
BX,13,14
BX,14,15
BX,15,13
BX,16,12
BX,17,12
BX,18,10
BX,19,9
BX,20,4
BX,21,6
BX,22,6
BX,23,2
BrX15,5,2
BrX15,6,6
BrX15,7,5
BrX15,8,6
BrX15,9,6
BrX15,10,6
BrX15,11,6
BrX15,12,6
BrX15,13,6
BrX15,14,6
BrX15,15,6
BrX15,16,7
BrX15,17,5
BrX15,18,5
BrX15,19,3
BrX15,20,6
BrX15,21,2
BrX15,22,6
C,7,4
C,8,4
C,9,5
C,10,4
C,11,5
C,12,5
C,13,4
C,14,5
C,15,5
C,16,4
C,17,5
C,18,3
C,19,2
C,20,3
C,21,2
C,22,2
C16,9,1
C16,10,1
C16,12,1
C16,13,1
C16,15,1
C16,16,1
C16,18,3
C16,19,5
C16,20,5
C16,21,5
C16,22,4
C18,9,1
C18,11,1
C18,13,1
C18,15,1
C18,17,1
C18,19,3
C18,21,3
C9,6,2
C9,7,6
C9,8,4
C9,9,4
C9,10,4
C9,11,4
C9,12,2
C9,13,4
C9,14,4
C9,15,6
C9,16,4
C9,17,2
C9,18,6
CM100,7,21
CM100,8,39
CM100,9,51
CM100,10,60
CM100,11,60
CM100,12,60
CM100,13,60
CM100,14,60
CM100,15,60
CM100,16,60
CM100,17,45
CM100,18,36
CM100,19,6
CM41,0,12
CM41,5,6
CM41,6,15
CM41,7,12
CM41,8,30
CM41,9,30
CM41,10,30
CM41,11,30
CM41,12,30
CM41,13,30
CM41,14,30
CM41,15,30
CM41,16,30
CM41,17,24
CM41,18,18
CM41,19,18
CM41,20,19
CM41,21,20
CM41,22,17
CM41,23,16
CM42,5,3
CM42,6,6
CM42,7,27
CM42,8,24
CM42,9,30
CM42,10,30
CM42,11,30
CM42,12,30
CM42,13,30
CM42,14,30
CM42,15,30
CM42,16,27
CM42,17,27
CM42,18,15
CM42,19,9
CM94,0,26
CM94,1,26
CM94,2,26
CM94,3,26
CM94,4,25
CM94,5,41
CM94,6,47
CM94,7,82
CM94,8,79
CM94,9,102
CM94,10,120
CM94,11,120
CM94,12,120
CM94,13,120
CM94,14,123
CM94,15,120
CM94,16,112
CM94,17,88
CM94,18,72
CM94,19,54
CM94,20,45
CM94,21,42
CM94,22,33
CM94,23,25
CMA,0,18
CMA,5,6
CMA,6,18
CMA,7,54
CMA,8,54
CMA,9,72
CMA,10,78
CMA,11,78
CMA,12,78
CMA,13,78
CMA,14,78
CMA,15,78
CMA,16,66
CMA,17,51
CMA,18,45
CMA,19,36
CMA,20,30
CMA,21,27
CMA,22,27
CMA,23,24
CMB,6,9
CMB,7,24
CMB,8,21
CMB,9,30
CMB,10,30
CMB,11,30
CMB,12,30
CMB,13,30
CMB,14,30
CMB,15,30
CMB,16,27
CMB,17,30
CMB,18,15
CMB,19,21
CMB,20,12
CMB,21,13
CMB,22,14
CMB,23,7
CMC,0,12
CMC,5,6
CMC,6,24
CMC,7,54
CMC,8,60
CMC,9,72
CMC,10,78
CMC,11,78
CMC,12,78
CMC,13,78
CMC,14,78
CMC,15,69
CMC,16,69
CMC,17,54
CMC,18,50
CMC,19,40
CMC,20,30
CMC,21,30
CMC,22,24
CMC,23,21
CMDE,5,9
CMDE,6,27
CMDE,7,53
CMDE,8,71
CMDE,9,84
CMDE,10,91
CMDE,11,96
CMDE,12,96
CMDE,13,96
CMDE,14,96
CMDE,15,92
CMDE,16,81
CMDE,17,75
CMDE,18,57
CMDE,19,40
CMDE,20,30
CMDE,21,30
CMDE,22,30
CMDE,23,27
CMF,6,14
CMF,7,25
CMF,8,38
CMF,9,43
CMF,10,46
CMF,11,46
CMF,12,46
CMF,13,46
CMF,14,46
CMF,15,42
CMF,16,38
CMF,17,33
CMF,18,30
CMF,19,29
CMF,20,21
CMF,21,14
CMF,22,12
CMF,23,6
CMG,0,4
CMG,6,5
CMG,7,10
CMG,8,11
CMG,9,14
CMG,10,14
CMG,11,14
CMG,12,14
CMG,13,14
CMG,14,14
CMG,15,14
CMG,16,11
CMG,17,11
CMG,18,10
CMG,19,9
CMG,20,8
CMG,21,8
CMG,22,5
CMG,23,5
CMH,6,6
CMH,7,21
CMH,8,21
CMH,9,27
CMH,10,30
CMH,11,30
CMH,12,30
CMH,13,30
CMH,14,30
CMH,15,27
CMH,16,30
CMH,17,27
CMH,18,24
CMN,6,3
CMN,7,15
CMN,8,24
CMN,9,24
CMN,10,24
CMN,11,24
CMN,12,24
CMN,13,24
CMN,14,24
CMN,15,21
CMN,16,24
CMN,17,15
CMN,18,9
CMT,7,9
CMT,8,3
CMT,9,9
CMT,10,9
CMT,11,9
CMT,12,6
CMT,13,9
CMT,14,9
CMT,15,6
CMT,16,6
CMT,17,9
CMT,18,6
CMW,6,5
CMW,7,12
CMW,8,12
CMW,9,9
CMW,10,9
CMW,11,11
CMW,12,9
CMW,13,11
CMW,14,12
CMW,15,8
CMW,16,10
CMW,17,12
CMW,18,12
CMW,19,2
Ca50,6,4
Ca50,7,8
Ca50,8,7
Ca50,9,11
Ca50,10,8
Ca50,11,10
Ca50,12,8
Ca50,13,10
Ca50,14,8
Ca50,15,10
Ca50,16,8
Ca50,17,7
Ca50,18,9
Ca50,19,4
Ca50,20,4
Ca50,21,4
Ca50,22,4
Ca50,23,2
Ca56,5,1
Ca56,6,7
Ca56,7,7
Ca56,8,8
Ca56,9,9
Ca56,10,11
Ca56,11,9
Ca56,12,11
Ca56,13,9
Ca56,14,11
Ca56,15,9
Ca56,16,9
Ca56,17,9
Ca56,18,5
Ca56,19,5
Ca56,20,4
Ca56,21,4
Ca56,22,4
Ca56,23,2
Cw1,6,2
Cw1,7,7
Cw1,8,7
Cw1,9,10
Cw1,10,11
Cw1,11,11
Cw1,12,11
Cw1,13,11
Cw1,14,9
Cw1,15,9
Cw1,16,9
Cw1,17,8
Cw1,18,7
Cw1,19,4
Cw1,20,2
Cw1,21,2
Cw1,22,2
Cw11,6,6
Cw11,7,5
Cw11,8,10
Cw11,9,8
Cw11,10,8
Cw11,11,8
Cw11,12,8
Cw11,13,8
Cw11,14,8
Cw11,15,8
Cw11,16,8
Cw11,17,6
Cw11,18,2
Cw11,19,2
Cw12,8,2
Cw12,9,4
Cw12,10,4
Cw12,11,4
Cw12,12,4
Cw12,13,4
Cw12,14,4
Cw12,15,4
Cw12,16,4
Cw12,17,4
Cw12,18,2
Cw2,6,2
Cw2,7,4
Cw2,8,4
Cw2,9,4
Cw2,10,4
Cw2,11,4
Cw2,12,4
Cw2,13,4
Cw2,14,4
Cw2,15,4
Cw2,16,4
Cw2,17,3
Cw2,18,3
Cw5,6,2
Cw5,7,6
Cw5,8,7
Cw5,9,9
Cw5,10,10
Cw5,11,10
Cw5,12,10
Cw5,13,10
Cw5,14,9
Cw5,15,7
Cw5,16,8
Cw5,17,6
Cw5,18,5
Cw6,6,4
Cw6,7,5
Cw6,8,7
Cw6,9,8
Cw6,10,9
Cw6,11,9
Cw6,12,9
Cw6,13,9
Cw6,14,7
Cw6,15,7
Cw6,16,7
Cw6,17,6
Cw6,18,4
Cw6,19,2
Cw6,20,2
Cw6,21,2
Cw6,22,2
Cw6,23,2
Cw7,6,2
Cw7,7,4
Cw7,8,5
Cw7,9,7
Cw7,10,7
Cw7,11,7
Cw7,12,7
Cw7,13,7
Cw7,14,6
Cw7,15,5
Cw7,16,5
Cw7,17,4
Cw7,18,4
Cw9,10,2
Cw9,11,2
Cw9,12,2
Cw9,13,2
Cw9,14,2
D,7,2
D,8,2
D,9,2
D,10,2
D,11,2
D,12,2
D,13,2
D,14,2
D,15,2
D,16,2
D2,6,2
D2,7,5
D2,8,5
D2,9,4
D2,10,6
D2,11,4
D2,12,6
D2,13,4
D2,14,6
D2,15,4
D2,16,6
D2,17,4
D2,18,5
D2,19,3
D2,20,3
D2,21,5
D2,22,5
D2,23,4
D3,5,1
D3,6,2
D3,7,5
D3,8,5
D3,9,5
D3,10,5
D3,11,5
D3,12,5
D3,13,5
D3,14,5
D3,15,5
D3,16,5
D3,17,5
D3,18,5
D3,19,2
D3,20,3
D4,6,3
D4,7,3
D4,8,5
D4,9,4
D4,10,4
D4,11,4
D4,12,4
D4,13,4
D4,14,4
D4,15,4
D4,16,4
D4,17,3
D4,18,3
D4,19,3
D5,7,2
D5,8,2
D5,9,3
D5,10,2
D5,11,3
D5,12,2
D5,13,3
D5,14,2
D5,15,3
D5,16,2
D5,17,3
D5,18,2
D5,19,3
D5,20,1
D6,6,2
D6,7,2
D6,8,3
D6,9,3
D6,10,3
D6,11,3
D6,12,3
D6,13,3
D6,14,3
D6,15,3
D6,16,3
D6,17,2
D6,18,3
D6,19,2
D7,6,1
D7,7,2
D7,8,2
D7,9,2
D7,10,2
D7,11,2
D7,12,2
D7,13,2
D7,14,2
D7,15,2
D7,16,2
D7,17,2
D7,18,2
D7,19,2
E,8,2
E,9,4
E,10,4
E,11,4
E,12,4
E,13,4
E,14,4
E,15,4
E,16,4
E,17,2
E11,6,2
E11,7,8
E11,8,8
E11,9,8
E11,10,8
E11,11,8
E11,12,8
E11,13,8
E11,14,8
E11,15,8
E11,16,8
E11,17,8
E11,18,8
E11,19,2
E148,4,2
E148,5,8
E148,6,17
E148,7,24
E148,8,22
E148,9,24
E148,10,23
E148,11,25
E148,12,24
E148,13,24
E148,14,24
E148,15,23
E148,16,23
E148,17,24
E148,18,18
E148,19,13
E148,20,11
E148,21,8
E148,22,14
E148,23,9
E188,5,1
E188,6,1
E188,7,4
E188,8,4
E188,9,2
E188,10,4
E188,11,4
E188,12,4
E188,13,4
E188,14,4
E188,15,4
E188,16,4
E188,17,4
E188,18,2
E188,19,2
E1_E2,9,4
E1_E2,10,4
E1_E2,11,4
E1_E2,12,6
E1_E2,13,4
E1_E2,14,2
E1_E2,15,2
E1_E2,16,4
E1_E2,17,4
E3,6,2
E3,7,5
E3,8,4
E3,9,4
E3,10,4
E3,11,4
E3,12,4
E3,13,4
E3,14,4
E3,15,4
E3,16,4
E3,17,4
E3,18,2
E42,10,2
E42,12,2
E57,6,4
E57,7,4
E57,8,4
E57,9,6
E57,10,4
E57,11,4
E57,12,4
E57,13,4
E57,14,4
E57,15,4
E57,16,4
E57,17,2
E57,18,2
E5B,20,4
E5B,21,2
E5B,22,2
E5B,23,2
E60,5,1
E60,6,3
E60,7,5
E60,8,4
E60,9,6
E60,10,6
E60,11,6
E60,12,6
E60,13,6
E60,14,6
E60,15,6
E60,16,5
E60,17,6
E60,18,6
E60,19,4
E60,20,3
E703,6,1
E703,7,1
E703,8,2
E703,9,2
E703,10,2
E703,11,2
E703,12,2
E703,13,2
E703,14,2
E703,15,1
E703,16,1
E703,17,1
E735,7,2
E735,9,2
E735,11,2
E735,12,2
E735,13,2
E735,15,2
E73_A,8,4
E73_A,9,4
E73_A,10,2
E73_A,11,4
E73_A,12,4
E73_A,13,4
E73_A,14,2
E73_A,16,4
E73_A,18,4
E748,8,3
E748,9,1
E748,10,3
E748,11,1
E748,12,3
E748,13,1
E748,14,3
E748,15,1
E748,16,3
E748,17,1
E748,18,3
E748,19,1
E74_A_B_C,6,1
E74_A_B_C,7,4
E74_A_B_C,8,2
E74_A_B_C,9,2
E74_A_B_C,11,2
E74_A_B_C,12,2
E74_A_B_C,13,2
E74_A_B_C,14,2
E74_A_B_C,15,4
E74_A_B_C,17,2
E74_A_B_C,18,2
E78_A,6,2
E78_A,7,4
E78_A,8,2
E78_A,10,4
E78_A,11,2
E78_A,12,2
E78_A,13,2
E78_A,15,4
E78_A,17,2
E78_A,18,2
E78_A,19,2
E79_A,9,2
E79_A,10,2
E79_A,11,2
E79_A,12,2
E79_A,13,2
E79_A,14,2
E79_A,15,2
E79_A,16,2
E79_A,17,4
E82,6,4
E82,7,4
E82,9,4
E82,10,4
E82,11,4
E82,12,4
E82,13,4
E82,14,4
E82,15,4
E82,16,4
E82,17,4
E82,18,4
E82,19,1
E82,20,1
E87,5,1
E87,7,4
E87,8,4
E87,9,4
E87,10,4
E87,11,4
E87,12,4
E87,13,4
E87,14,4
E87,15,4
E87,16,4
E87,17,2
E87,18,4
E87,19,2
E9,6,2
E9,7,4
E9,8,6
E9,9,8
E9,10,8
E9,11,8
E9,12,8
E9,13,8
E9,14,8
E9,15,8
E9,16,8
E9,17,7
E9,18,2
F,7,2
F,8,2
F,9,2
F,10,2
F,11,2
F,12,2
F,13,2
F,14,2
F,15,2
F,16,2
F,17,2
G,7,2
G,8,2
G,9,2
G,10,2
G,11,2
G,12,2
G,13,2
G,14,2
G,15,2
G,16,2
G,17,2
GL001,0,18
GL001,1,6
GL001,4,3
GL001,5,12
GL001,6,30
GL001,7,69
GL001,8,63
GL001,9,75
GL001,10,84
GL001,11,84
GL001,12,84
GL001,13,84
GL001,14,84
GL001,15,78
GL001,16,78
GL001,17,66
GL001,18,52
GL001,19,37
GL001,20,37
GL001,21,39
GL001,22,35
GL001,23,27
GL002,0,12
GL002,5,3
GL002,6,18
GL002,7,36
GL002,8,42
GL002,9,57
GL002,10,60
GL002,11,60
GL002,12,60
GL002,13,60
GL002,14,60
GL002,15,51
GL002,16,51
GL002,17,51
GL002,18,42
GL002,19,34
GL002,20,20
GL002,21,18
GL002,22,24
GL002,23,18
GL006,9,7
GL006,10,7
GL006,11,7
GL006,12,7
GL006,13,7
GL006,14,7
GL008,0,12
GL008,1,9
GL008,5,18
GL008,6,30
GL008,7,30
GL008,8,33
GL008,9,45
GL008,10,48
GL008,11,48
GL008,12,48
GL008,13,48
GL008,14,48
GL008,15,48
GL008,16,51
GL008,17,42
GL008,18,36
GL008,19,18
GL008,20,18
GL008,21,18
GL008,22,18
GL008,23,18
GL009,5,6
GL009,6,28
GL009,7,37
GL009,8,35
GL009,9,46
GL009,10,47
GL009,11,52
GL009,12,52
GL009,13,50
GL009,14,52
GL009,15,49
GL009,16,41
GL009,17,43
GL009,18,41
GL009,19,12
GL009,20,16
GL009,21,14
GL009,22,12
GL010,0,21
GL010,1,12
GL010,5,20
GL010,6,53
GL010,7,56
GL010,8,69
GL010,9,72
GL010,10,66
GL010,11,66
GL010,12,66
GL010,13,66
GL010,14,66
GL010,15,69
GL010,16,62
GL010,17,68
GL010,18,49
GL010,19,38
GL010,20,27
GL010,21,30
GL010,22,30
GL010,23,39
GL011,10,6
GL011,12,6
GL011,14,6
GL012,0,12
GL012,1,6
GL012,5,9
GL012,6,28
GL012,7,46
GL012,8,56
GL012,9,50
GL012,10,52
GL012,11,52
GL012,12,52
GL012,13,52
GL012,14,50
GL012,15,52
GL012,16,49
GL012,17,48
GL012,18,39
GL012,19,30
GL012,20,33
GL012,21,32
GL012,22,20
GL012,23,18
GL013,8,5
GL013,9,13
GL013,10,12
GL013,11,12
GL013,12,12
GL013,13,12
GL013,14,6
GL022.3,0,6
GL022.3,5,9
GL022.3,6,24
GL022.3,7,22
GL022.3,8,26
GL022.3,9,30
GL022.3,10,30
GL022.3,11,30
GL022.3,12,30
GL022.3,13,30
GL022.3,14,29
GL022.3,15,34
GL022.3,16,36
GL022.3,17,30
GL022.3,18,18
GL022.3,19,18
GL022.3,20,12
GL022.3,21,6
GL022.3,23,6
GL024,6,12
GL024,7,8
GL024,8,9
GL024,9,8
GL024,10,9
GL024,11,9
GL024,12,9
GL024,13,9
GL024,14,9
GL024,15,15
GL024,16,15
GL024,17,9
GL024,18,9
GL024,19,7
GL024,20,7
GL024,21,6
GL024,22,6
GL024,23,6
GL071,6,21
GL071,7,27
GL071,8,27
GL071,9,30
GL071,10,30
GL071,11,30
GL071,12,30
GL071,13,30
GL071,14,30
GL071,15,27
GL071,16,30
GL071,17,21
GL071,18,18
GL071,19,13
GL071,20,15
GL071,21,15
GL071,22,13
GL071,23,6
GL097,0,4
GL097,5,3
GL097,6,25
GL097,7,28
GL097,8,36
GL097,9,43
GL097,10,44
GL097,11,44
GL097,12,44
GL097,13,44
GL097,14,43
GL097,15,44
GL097,16,41
GL097,17,35
GL097,18,35
GL097,19,26
GL097,20,22
GL097,21,22
GL097,22,20
GL097,23,12
GL351,6,6
GL351,9,6
GL351,10,6
GL351,11,6
GL351,12,6
GL351,13,6
GL351,14,6
GL351,16,6
GL351,17,6
GL353,9,6
GL353,11,12
GL353,13,6
GL882A,6,3
GL882A,7,6
GL882A,8,3
GL882A,9,6
GL882A,10,6
GL882A,11,3
GL882A,12,3
GL882A,13,9
GL882A,14,6
GL882A,15,6
GL882A,16,3
GL882A,17,3
GL882A,18,3
GL882B,6,3
GL882B,7,3
GL882B,8,6
GL882B,9,6
GL882B,10,3
GL882B,11,9
GL882B,12,6
GL882B,13,3
GL882B,14,6
GL882B,15,6
GL882B,17,6
GL882B,18,3
H,7,2
H,8,2
H,9,2
H,10,4
H,11,4
H,12,4
H,14,4
H,15,4
H,16,4
H,17,2
K,9,2
K,10,2
K,11,2
K,12,2
K,13,2
K,14,2
K,15,2
K,16,2
K,17,2
K14,6,1
K14,7,1
K14,9,3
K14,14,2
K14,16,1
K14,17,1
K14,18,1
K15,7,1
K15,8,2
K15,10,1
K15,11,1
K15,12,2
K15,13,2
K15,15,2
K15,16,1
K15,17,1
K16,6,1
K16,7,1
K16,8,2
K16,9,4
K16,10,3
K16,11,2
K16,12,2
K16,13,4
K16,14,2
K16,16,3
K16,17,3
K16,19,1
K17,4,2
K17,5,4
K17,6,4
K17,7,4
K17,8,5
K17,9,6
K17,10,6
K17,11,6
K17,12,6
K17,13,6
K17,14,6
K17,15,6
K17,16,6
K17,17,6
K17,18,6
K17,19,6
K17,20,7
K17,21,2
K17,22,4
K17,23,2
K18,5,2
K18,6,3
K18,7,1
K18,8,4
K18,9,4
K18,10,4
K18,11,4
K18,12,4
K18,13,4
K18,14,4
K18,15,4
K18,16,4
K18,17,4
K18,18,4
K18,19,2
K19,7,6
K19,8,4
K19,9,4
K19,10,4
K19,11,4
K19,12,4
K19,13,4
K19,14,4
K19,15,4
K19,16,4
K19,17,4
K19,18,4
K19,19,4
K2,5,4
K2,7,6
K2,8,6
K2,9,4
K2,10,4
K2,11,4
K2,12,4
K2,13,4
K2,14,4
K2,15,4
K2,16,4
K2,17,6
K2,18,2
K2,19,2
K2C,5,1
K2C,6,1
K2C,22,1
K2C,23,1
K4,5,1
K4,6,1
K45S,15,1
K5,5,1
K5,6,1
K5,8,1
K5,9,1
K5,13,1
K5,14,1
K5,16,1
K5,17,1
K5,21,1
K5,22,1
K50A,4,1
K50A,5,2
K50A,6,5
K50A,7,4
K50A,8,3
K50A,9,8
K50A,10,10
K50A,11,11
K50A,12,4
K50A,13,7
K50A,14,8
K50A,15,5
K50A,16,5
K50A,17,6
K50A,18,6
K50A,19,3
K50A,20,4
K50A,21,1
K50A,22,3
K50A,23,2
K50B,5,1
K50B,6,2
K50B,7,3
K50B,8,4
K50B,9,1
K50B,10,4
K50B,11,5
K50B,12,5
K50B,13,5
K50B,14,5
K50B,15,5
K50B,16,5
K50B,17,5
K50B,18,5
K50B,19,4
K50B,20,2
K50B,21,1
K50S,7,1
K601,8,1
K601,15,1
K94,6,1
K94,7,1
K94,16,1
K95,9,1
K95,12,1
K95,14,1
KCB1,8,1
KCB1,12,1
L14,6,4
L14,7,10
L14,8,10
L14,9,20
L14,10,12
L14,11,12
L14,12,12
L14,13,12
L14,14,12
L14,15,12
L14,16,6
L14,17,12
L14,18,6
L14,19,6
L15S,6,10
L15S,7,8
L15S,8,10
L15S,9,12
L15S,10,14
L15S,11,14
L15S,12,10
L15S,13,14
L15S,14,14
L15S,15,12
L15S,16,8
L15S,17,14
L15S,18,10
L15S,19,10
L15S,20,4
L15S,21,4
L15W,6,10
L15W,7,4
L15W,8,10
L15W,9,12
L15W,10,16
L15W,11,12
L15W,12,12
L15W,13,8
L15W,14,16
L15W,15,8
L15W,16,14
L15W,17,2
L15W,18,10
L15W,19,16
L15W,20,6
L15W,22,4
L1616A,6,4
L1616A,16,4
L26,6,6
L26,7,10
L26,8,6
L26,9,10
L26,10,12
L26,11,14
L26,12,12
L26,13,12
L26,14,14
L26,15,12
L26,16,10
L26,17,10
L26,18,6
L26,19,6
L50,6,6
L50,7,2
L50,8,8
L50,9,10
L50,10,2
L50,11,2
L50,12,2
L50,13,10
L50,14,10
L50,15,6
L50,16,10
L50,17,12
L50,18,8
L50,19,2
L501,9,2
L501,13,2
L532,7,2
L532,15,2
L664_5,5,2
L664_5,6,4
L664_5,7,4
L664_5,8,4
L664_5,9,8
L664_5,10,8
L664_5,11,8
L664_5,12,8
L664_5,13,8
L664_5,14,12
L664_5,15,8
L664_5,16,8
L664_5,17,8
L664_5,18,8
L67,6,22
L67,7,42
L67,8,50
L67,9,64
L67,10,64
L67,11,64
L67,12,64
L67,13,64
L67,14,62
L67,15,66
L67,16,68
L67,17,64
L67,18,50
L67,19,36
L67,20,26
L67,21,24
L67,22,24
L67,23,18
L67AB2,10,4
L67AB2,12,4
L67AB2,14,4
L67AB2,16,4
L67AB2,18,4
L77_78,9,4
L77_78,11,4
L77_78,13,4
L77_78,15,4
L77_78,17,4
L77_78,19,2
LG1,5,4
LG1,6,22
LG1,7,26
LG1,8,26
LG1,9,40
LG1,10,40
LG1,11,40
LG1,12,38
LG1,13,38
LG1,14,40
LG1,15,38
LG1,16,36
LG1,17,34
LG1,18,14
LG1,19,10
LG1,20,10
LG1,21,10
LG1,22,12
LG1,23,6
LU1,0,18
LU1,1,18
LU1,2,20
LU1,3,4
LU1,5,4
LU1,6,18
LU1,7,42
LU1,8,48
LU1,9,54
LU1,10,44
LU1,11,46
LU1,12,48
LU1,13,48
LU1,14,48
LU1,15,56
LU1,16,40
LU1,17,52
LU1,18,48
LU1,19,36
LU1,20,32
LU1,21,36
LU1,22,24
LU1,23,20
LX17,5,8
LX17,6,16
LX17,7,24
LX17,8,28
LX17,9,28
LX17,10,26
LX17,11,26
LX17,12,28
LX17,13,26
LX17,14,26
LX17,15,28
LX17,16,26
LX17,17,24
LX17,18,22
LX17,19,12
LX17,20,10
M5,5,8
M5,6,9
M5,13,9
M5,14,9
M5,21,9
M5,22,9
ME53,6,2
ME53,7,8
ME53,8,4
ME53,9,4
ME53,10,4
ME53,11,4
ME53,12,4
ME53,13,4
ME53,14,4
ME53,15,4
ME53,16,4
ME53,17,4
Me27,6,2
Me27,7,6
Me27,8,8
Me27,9,8
Me27,10,8
Me27,11,8
Me27,12,8
Me27,13,8
Me27,14,8
Me27,15,8
Me27,16,8
Me27,17,8
Me27,18,6
Me27,19,2
Me51,6,2
Me51,7,8
Me51,8,2
Me51,9,5
Me51,10,5
Me51,11,5
Me51,12,5
Me51,13,5
Me51,14,5
Me51,15,5
Me51,16,5
Me51,17,5
Me51,18,5
Me51,19,5
Me51,20,3
Me51,21,3
Me51,22,2
N1,6,1
N1,7,7
N1,8,8
N1,9,8
N1,10,8
N1,11,8
N1,12,8
N1,13,8
N1,14,8
N1,15,8
N1,16,8
N1,17,8
N1,18,8
N10B,5,2
N10B,6,9
N10B,7,14
N10B,8,12
N10B,9,18
N10B,10,18
N10B,11,18
N10B,12,18
N10B,13,18
N10B,14,18
N10B,15,18
N10B,16,20
N10B,17,17
N10B,18,12
N10B,19,8
N10B,20,6
N11,0,3
N11,5,6
N11,6,10
N11,7,12
N11,8,6
N11,9,11
N11,10,10
N11,11,10
N11,12,10
N11,13,10
N11,14,10
N11,15,10
N11,16,10
N11,17,6
N11,18,12
N11,19,7
N11,21,9
N11,22,4
N11,23,3
N118,8,2
N118,10,1
N118,12,1
N118,14,1
N118,16,1
N118,18,1
N146A,5,2
N146A,6,4
N146A,7,7
N146A,8,4
N146A,9,4
N146A,10,4
N146A,11,4
N146A,12,4
N146A,13,4
N146A,14,4
N146A,15,4
N146A,16,4
N146A,17,4
N146A,18,4
N146A,19,2
N146A,20,2
N147A,5,5
N147A,6,5
N147A,7,4
N147A,8,8
N147A,9,8
N147A,10,8
N147A,11,8
N147A,12,8
N147A,13,8
N147A,14,8
N147A,15,8
N147A,16,8
N147A,17,7
N147A,18,6
N147A,19,4
N147A,20,4
N147A,21,4
N147A,22,4
N17,15,1
N18,6,1
N18,7,2
N18,8,2
N18,9,2
N18,10,2
N18,11,2
N18,12,2
N18,13,2
N18,14,2
N18,15,2
N18,16,2
N18,17,2
N18,19,2
N18A,7,1
N18A,15,1
N19,7,1
N19,8,2
N19,9,2
N19,10,2
N19,11,2
N19,12,2
N19,13,2
N19,14,2
N19,15,2
N19,16,2
N19,17,2
N19,18,2
N19,20,2
N41,5,2
N41,6,3
N41,7,4
N41,8,2
N41,9,8
N41,10,4
N41,11,4
N41,12,2
N41,13,6
N41,14,4
N41,15,4
N41,16,2
N41,17,4
N41,18,2
N41,19,4
N41,20,2
N48,6,8
N48,7,14
N48,8,18
N48,9,16
N48,10,16
N48,11,16
N48,12,16
N48,13,16
N48,14,16
N48,15,16
N48,16,12
N48,17,14
N48,18,16
N48,19,10
N48,21,8
N5,5,1
N5,6,6
N5,7,7
N5,8,8
N5,9,10
N5,10,10
N5,11,10
N5,12,10
N5,13,10
N5,14,10
N5,15,10
N5,16,10
N5,17,7
N5,18,8
N5,19,4
N5,20,3
N50,5,10
N50,6,3
N50,7,5
N50,8,2
N50,9,2
N50,10,4
N50,11,4
N50,12,3
N50,13,7
N50,14,5
N50,15,2
N50,16,5
N50,17,3
N50,18,5
N50,19,3
N50,20,3
N50,21,6
N50,22,3
N55,5,5
N55,6,8
N55,7,10
N55,8,9
N55,9,11
N55,10,10
N55,11,10
N55,12,10
N55,13,10
N55,14,10
N55,15,10
N55,16,9
N55,17,9
N55,18,8
N55,19,7
N55,20,5
N55,21,2
N55,22,2
N729,15,1
N762,9,2
N762,10,2
N762,12,2
N762,13,2
N766,3,3
N766,4,5
N766,5,2
N766,6,3
N766,7,2
N766,13,1
N766,14,3
N766,15,2
N766,16,2
N766,17,2
N766,19,2
N766,20,2
N785,9,1
N785,11,1
N785,13,1
N785,15,1
N785,17,1
N82,7,1
N82,16,1
NN02,5,2
NN02,6,8
NN02,7,14
NN02,8,15
NN02,9,20
NN02,10,20
NN02,11,20
NN02,12,20
NN02,13,20
NN02,14,20
NN02,15,17
NN02,16,18
NN02,17,17
NN02,18,12
NN02,19,8
NN02,20,8
NN02,21,8
NN02,22,8
NN02,23,5
NN04,0,2
NN04,5,5
NN04,6,13
NN04,7,12
NN04,8,13
NN04,9,19
NN04,10,18
NN04,11,18
NN04,12,18
NN04,13,17
NN04,14,17
NN04,15,18
NN04,16,17
NN04,17,18
NN04,18,16
NN04,19,16
NN04,20,10
NN04,21,8
NN04,22,8
NN04,23,8
NN06,5,1
NN06,6,3
NN06,7,11
NN06,8,10
NN06,9,14
NN06,10,16
NN06,11,16
NN06,12,16
NN06,13,16
NN06,14,16
NN06,15,16
NN06,16,16
NN06,17,16
NN06,18,12
NN06,19,10
NN06,20,8
NN06,21,2
PR,7,8
PR,8,24
PR,9,42
PR,10,56
PR,11,62
PR,12,56
PR,13,52
PR,14,52
PR,15,40
PR,16,60
PR,17,64
PR,18,40
PR,19,6
R01,4,6
R01,5,6
R01,6,21
R01,7,27
R01,8,24
R01,9,42
R01,10,36
R01,11,36
R01,12,36
R01,13,36
R01,14,36
R01,15,33
R01,16,39
R01,17,27
R01,18,18
R01,19,27
R1,8,3
R1,15,3
R10,4,3
R10,5,18
R10,6,18
R10,7,15
R10,8,12
R10,9,15
R10,10,18
R10,11,6
R10,12,15
R10,13,12
R10,14,15
R10,15,12
R10,16,12
R10,17,12
R10,18,12
R10,19,9
R10,20,12
R10,21,15
R10,22,15
R10,23,6
R24,8,6
R24,9,6
R24,10,6
R24,11,6
R24,13,6
R24,14,6
R24,15,6
R25,6,12
R25,8,6
R25,10,6
R25,11,6
R25,12,6
R25,13,6
R25,14,6
R25,15,3
R25,16,9
R25,17,6
R25,18,6
R2A,20,18
R2A,21,6
R2A,22,6
R4,6,36
R4,7,42
R4,8,48
R4,9,72
R4,10,60
R4,11,60
R4,12,60
R4,13,60
R4,14,60
R4,15,60
R4,16,60
R4,17,45
R4,18,24
R4,19,24
R4A,20,12
R4A,21,6
R4A,22,24
R51,6,15
R51,7,12
R51,8,15
R51,9,12
R51,10,12
R51,11,12
R51,12,12
R51,13,12
R51,14,12
R51,15,9
R51,16,12
R51,17,12
R51,18,9
R51,19,12
R51,20,12
R51,21,6
R6,5,12
R6,6,12
R6,7,30
R6,8,21
R6,9,24
R6,10,24
R6,11,24
R6,12,24
R6,13,24
R6,14,24
R6,15,24
R6,16,24
R6,17,18
R6,18,30
R6,19,18
R6,20,18
R63,6,9
R63,7,12
R63,8,12
R63,9,15
R63,10,15
R63,11,15
R63,12,15
R63,13,15
R63,14,3
R63,15,15
R63,16,15
R63,17,15
R63,18,15
R63,19,6
R8,6,3
R8,7,12
R8,8,12
R8,9,6
R8,10,12
R8,11,18
R8,12,18
R8,13,12
R8,14,12
R8,15,6
R8,16,6
R8,17,12
R8,18,12
R8,19,6
R84,4,3
R84,5,8
R84,6,4
R84,7,6
R84,8,4
R84,9,8
R84,10,12
R84,12,12
R84,13,12
R84,15,9
R84,16,3
R84,17,9
R84,18,1
R84,19,9
R84,21,6
R85,5,9
R85,6,4
R85,7,5
R85,8,6
R85,9,12
R85,10,12
R85,11,6
R85,12,6
R85,13,6
R85,14,12
R85,15,9
R85,17,13
R85,18,10
R85,19,4
R85,20,12
R85B,8,6
R85B,9,2
R85B,10,4
R85B,12,12
R85H,6,3
R85H,15,3
R85K,6,3
R85K,15,3
R85S,6,3
R85S,16,3
R86,5,3
R86,6,9
R86,7,12
R86,8,15
R86,9,18
R86,10,12
R86,11,18
R86,12,12
R86,13,18
R86,14,12
R86,15,18
R86,16,12
R86,17,15
R86,18,15
R86,19,12
R86,20,6
R8B,6,6
R8B,7,6
R8B,8,6
R8B,9,6
R8B,10,6
R8B,11,6
R8B,12,6
R8B,13,6
R8B,14,6
R8B,15,6
R8B,17,6
R8B,18,6
RO032A,6,3
RO032A,7,12
RO032A,8,12
RO032A,9,12
RO032A,10,15
RO032A,11,15
RO032A,12,15
RO032A,13,15
RO032A,14,18
RO032A,15,16
RO032A,16,20
RO032A,17,23
RO032A,18,16
RO032A,19,13
RO032A,20,12
RO032A,21,12
RO032A,22,6
RO032A,23,12
RO033A,5,3
RO033A,6,6
RO033A,7,12
RO033A,8,15
RO033A,9,15
RO033A,10,15
RO033A,11,15
RO033A,12,15
RO033A,13,15
RO033A,14,15
RO033A,15,11
RO033A,16,10
RO033A,17,15
RO033A,18,13
RO033A,19,6
RO033A,20,7
RO033B,6,3
RO033B,7,9
RO033B,8,12
RO033B,9,15
RO033B,10,15
RO033B,11,15
RO033B,12,15
RO033B,13,15
RO033B,14,15
RO033B,15,12
RO033B,16,12
RO033B,17,9
RO033B,18,9
RO033B,19,14
RO035,6,3
RO035,8,3
RO035,9,12
RO035,10,6
RO035,11,12
RO035,12,6
RO035,13,6
RO035,14,6
RO035,15,12
RO035,17,9
RO035,18,3
RO746,8,6
RO746,10,5
RO746,11,6
RO746,12,3
RO746,13,6
RO746,14,6
RO746,16,3
RO746,17,3
RX30,6,9
RX30,7,6
RX30,8,3
RX30,9,6
RX30,10,6
RX30,11,6
RX30,12,6
RX30,13,6
RX30,14,6
RX30,15,6
RX30,16,6
RX30,17,3
RX30,18,3
S19,6,10
S19,7,16
S19,8,28
S19,9,30
S19,10,32
S19,11,30
S19,12,32
S19,13,32
S19,14,32
S19,15,32
S19,16,26
S19,17,14
S19,18,6
S19,19,12
S1_2_3,6,2
S1_2_3,7,12
S1_2_3,8,8
S1_2_3,9,22
S1_2_3,10,8
S1_2_3,11,18
S1_2_3,12,26
S1_2_3,13,20
S1_2_3,14,20
S1_2_3,15,20
S1_2_3,16,4
S1_2_3,17,26
S1_2_3,18,14
S1_2_3,19,2
ST060,5,6
ST060,6,6
ST060,7,6
ST060,8,6
ST060,9,6
ST060,10,6
ST060,11,6
ST060,12,6
ST060,13,6
ST060,14,6
ST060,16,6
ST060,17,6
ST060,18,6
ST060,19,6
ST063,6,9
ST063,7,18
ST063,8,12
ST063,9,18
ST063,10,15
ST063,11,15
ST063,12,15
ST063,13,15
ST063,14,9
ST063,15,21
ST063,16,21
ST063,17,15
ST063,18,12
ST063,19,6
ST063,20,6
ST064,5,3
ST064,6,15
ST064,7,27
ST064,8,27
ST064,9,30
ST064,10,30
ST064,11,30
ST064,12,30
ST064,13,30
ST064,14,30
ST064,15,30
ST064,16,27
ST064,17,21
ST064,18,12
ST064,19,12
ST064,20,12
ST064,21,6
ST064,22,6
ST064,23,6
ST065A,5,6
ST065A,6,6
ST065A,7,12
ST065A,8,9
ST065A,9,18
ST065A,10,12
ST065A,11,15
ST065A,12,15
ST065A,13,18
ST065A,14,15
ST065A,15,15
ST065A,16,15
ST065A,17,15
ST065A,18,12
ST065A,19,6
ST065B,5,9
ST065B,6,6
ST065B,7,15
ST065B,8,15
ST065B,9,9
ST065B,10,18
ST065B,11,12
ST065B,12,18
ST065B,13,12
ST065B,14,18
ST065B,15,6
ST065B,16,18
ST065B,17,12
ST065B,18,12
ST065B,19,6
ST066C,6,3
ST066C,7,9
ST066C,8,12
ST066C,9,6
ST066C,10,6
ST066C,11,6
ST066C,12,6
ST066C,13,6
ST066C,14,9
ST066C,15,12
ST066C,16,9
ST066C,17,12
ST066C,18,3
ST067,6,3
ST067,7,21
ST067,8,21
ST067,9,27
ST067,10,27
ST067,11,30
ST067,12,27
ST067,13,30
ST067,14,27
ST067,15,27
ST067,16,27
ST067,17,24
ST067,18,18
ST067,19,15
ST067,20,12
ST067,21,6
ST067,22,12
ST067,23,6
ST069,6,2
ST069,7,4
ST069,8,8
ST069,9,2
ST069,10,4
ST069,11,12
ST069,14,10
ST069,16,6
ST069,17,6
ST069,18,4
ST166,7,2
ST166,8,3
ST166,9,15
ST166,10,3
ST166,11,3
ST166,12,3
ST166,13,15
ST166,14,3
ST166,15,5
ST166,16,3
ST166,17,3
ST207,6,6
ST207,7,3
ST207,8,9
ST207,9,6
ST207,11,6
ST207,12,6
ST207,14,6
ST207,15,9
ST207,16,3
ST207,17,6
ST207,18,6
ST62,6,9
ST62,7,3
ST62,8,15
ST62,9,24
ST62,10,12
ST62,11,18
ST62,12,12
ST62,13,18
ST62,14,12
ST62,15,18
ST62,16,12
ST62,17,21
ST62,18,6
ST62,19,6
ST62,21,12
ST62,23,12
ST620B,6,2
ST620B,7,7
ST620B,9,4
ST620B,10,4
ST620B,12,4
ST620B,13,4
ST620B,15,5
ST620B,16,4
ST620B,17,4
SW006,4,9
SW006,5,17
SW006,6,39
SW006,17,20
SW006,18,20
SW007,4,10
SW007,5,18
SW007,6,34
SW007,7,41
SW007,8,45
SW007,9,63
SW007,10,52
SW007,11,52
SW007,12,52
SW007,13,52
SW007,14,52
SW007,15,52
SW007,16,49
SW007,17,49
SW007,18,32
SW007,19,31
SW007,20,24
SW007,21,23
SW007,22,18
SW007,23,9
SW049A,5,9
SW049A,6,15
SW049A,7,19
SW049A,8,29
SW049A,9,28
SW049A,10,32
SW049A,11,32
SW049A,12,32
SW049A,13,32
SW049A,14,32
SW049A,15,28
SW049A,16,32
SW049A,17,23
SW049A,18,22
SW049A,19,18
SW049A,20,12
SW049A,21,12
SW049A,22,12
SW049A,23,6
SW049B,5,3
SW049B,6,9
SW049B,7,18
SW049B,8,16
SW049B,9,20
SW049B,10,20
SW049B,11,20
SW049B,12,20
SW049B,13,20
SW049B,14,20
SW049B,15,20
SW049B,16,20
SW049B,17,20
SW049B,18,9
SW049B,19,3
SW051A,5,9
SW051A,6,8
SW051A,7,16
SW051A,8,16
SW051A,9,20
SW051A,10,12
SW051A,11,20
SW051A,12,12
SW051A,13,20
SW051A,14,12
SW051A,15,20
SW051A,16,14
SW051A,17,20
SW051A,18,12
SW051A,19,3
SW051A,20,6
SW051B,6,9
SW051B,7,12
SW051B,8,16
SW051B,9,16
SW051B,10,16
SW051B,11,16
SW051B,12,16
SW051B,13,16
SW051B,14,16
SW051B,15,16
SW051B,16,16
SW051B,17,13
SW051B,18,9
SW051B,19,6
SW053,6,6
SW053,7,6
SW053,8,4
SW053,9,23
SW053,10,6
SW053,11,20
SW053,12,6
SW053,13,20
SW053,14,6
SW053,15,17
SW053,16,6
SW053,17,13
SW053,18,6
SW053,19,3
SW055,4,3
SW055,5,21
SW055,6,41
SW055,7,34
SW055,8,59
SW055,9,52
SW055,10,52
SW055,11,52
SW055,12,52
SW055,13,52
SW055,14,49
SW055,15,51
SW055,16,52
SW055,17,42
SW055,18,40
SW055,19,31
SW055,20,32
SW055,21,32
SW055,22,32
SW055,23,12
SW057,5,3
SW057,6,3
SW057,13,3
SW057,14,3
SW057,21,3
SW057,22,3
SW066A,0,18
SW066A,1,12
SW066A,2,6
SW066A,3,6
SW066A,4,3
SW066A,5,12
SW066A,6,31
SW066A,7,35
SW066A,8,45
SW066A,9,42
SW066A,10,52
SW066A,11,52
SW066A,12,52
SW066A,13,52
SW066A,14,52
SW066A,15,46
SW066A,16,49
SW066A,17,46
SW066A,18,42
SW066A,19,39
SW066A,20,32
SW066A,21,32
SW066A,22,32
SW066A,23,22
SW066B,0,12
SW066B,1,12
SW066B,2,12
SW066B,3,6
SW066B,5,6
SW066B,6,21
SW066B,7,37
SW066B,8,39
SW066B,9,52
SW066B,10,52
SW066B,11,52
SW066B,12,52
SW066B,13,52
SW066B,14,52
SW066B,15,52
SW066B,16,55
SW066B,17,46
SW066B,18,36
SW066B,19,38
SW066B,20,32
SW066B,21,32
SW066B,22,32
SW066B,23,22
SW077,6,3
SW077,7,11
SW077,8,4
SW077,9,9
SW077,11,6
SW077,12,9
SW077,13,3
SW077,14,3
SW077,15,9
SW077,16,6
SW077,17,6
SW080A,6,3
SW081,7,6
SW081,8,6
SW081,9,6
SW081,10,9
SW081,12,9
SW081,13,3
SW081,14,6
SW081,15,6
SW4,6,9
SW4,7,24
SW4,8,30
SW4,9,38
SW4,10,43
SW4,11,46
SW4,12,43
SW4,13,40
SW4,14,43
SW4,15,52
SW4,16,52
SW4,17,38
SW4,18,32
SW4,19,32
SW4,20,29
SW4,21,18
SW4,22,9
SW4,23,3
SW78,9,3
SW78,12,3
SW8,6,6
SW8,7,18
SW8,8,28
SW8,9,28
SW8,10,31
SW8,11,31
SW8,12,31
SW8,13,31
SW8,14,31
SW8,15,31
SW8,16,29
SW8,17,26
SW8,18,20
SW8,19,12
SW8,20,12
SW807,8,2
SW807,15,2
SW82,6,9
SW82,8,6
SW82,15,6
SW82,16,3
SW82,17,6
SW82,18,3
Tour,9,6
Tour,10,12
Tour,11,12
Tour,12,12
Tour,13,12
Tour,14,12
Tour,15,12
Tour,16,12
Tour,17,6
UTC83,7,1
UTC83,16,1
W8,7,1
W8,8,1
W8,14,1
W8,15,1
W8,17,1
WF,9,6
WF,10,12
WF,11,12
WF,12,12
WF,13,12
WF,14,12
WF,15,12
WF,16,12
WF,17,12
WF,18,12
WF,19,12
WF,20,12
WF,21,12
WF,22,12
WF,23,6
X1,17,2
X1,18,4
X1,19,4
X1,20,4
X18A_X18,6,16
X18A_X18,7,42
X18A_X18,8,22
X18A_X18,9,24
X18A_X18,10,30
X18A_X18,11,26
X18A_X18,12,30
X18A_X18,13,26
X18A_X18,14,30
X18A_X18,15,26
X18A_X18,16,30
X18A_X18,17,30
X18A_X18,18,30
X18A_X18,19,16
X18A_X18,20,18
X18A_X18,21,6
X18A_X18,22,6
X18A_X18,23,6
X18B,5,4
X18B,6,8
X18B,7,8
X18B,8,12
X18B,9,18
X18B,10,12
X18B,11,12
X18B,12,12
X18B,13,14
X18B,14,12
X18B,15,8
X18B,16,10
X18B,17,10
X18B,18,10
X18B,19,6
X20,6,2
X20,7,10
X20,8,2
X20,9,8
X20,10,8
X20,11,8
X20,12,8
X20,13,8
X20,14,6
X20,15,6
X20,16,4
X20,17,8
X20,18,8
X20,19,4
X24,4,2
X24,5,11
X24,6,15
X24,7,22
X24,8,24
X24,9,29
X24,10,23
X24,11,25
X24,12,24
X24,13,24
X24,14,23
X24,15,23
X24,16,25
X24,17,20
X24,18,20
X24,19,18
X24,20,10
X24,21,6
X24,22,4
X24,23,5
X3,6,4
X3,7,7
X3,8,4
X3,9,4
X3,10,4
X3,11,4
X3,12,4
X3,13,4
X3,14,4
X3,15,5
X3,16,3
X3,17,3
X3,18,4
X3,19,4
X3,20,2
X3,21,2
X3,22,2
X3,23,2
X4,6,1
X4,7,3
X4,8,4
X4,9,4
X4,10,4
X4,11,4
X4,12,4
X4,13,4
X4,14,4
X4,15,1
X4,16,3
X4,17,4
X4,18,2
X43A,5,2
X43A,6,1
X43A,7,6
X43A,8,2
X43A,9,4
X43A,10,4
X43A,11,4
X43A,12,4
X43A,13,4
X43A,14,4
X43A,15,4
X43A,16,2
X43A,17,1
X43A,18,1
X43A,19,4
X43A,20,2
X7A,5,2
X7A,6,5
X7A,7,4
X7A,8,4
X7A,9,7
X7A,10,7
X7A,11,5
X7A,12,7
X7A,13,5
X7A,14,7
X7A,15,5
X7A,16,7
X7A,17,4
X7A,18,7
X7A,19,4
X7A,20,2
X7A,21,2
X7B,5,2
X7B,6,2
X7B,7,3
X7B,8,5
X7B,9,5
X7B,10,6
X7B,11,6
X7B,12,6
X7B,13,6
X7B,14,6
X7B,15,7
X7B,16,6
X7B,17,7
X7B,18,5
X7B,19,4
X7B,20,2
X7C,5,1
X7C,6,5
X7C,7,6
X7C,8,7
X7C,9,6
X7C,10,7
X7C,11,8
X7C,12,8
X7C,13,8
X7C,14,6
X7C,15,8
X7C,16,7
X7C,17,8
X7C,18,7
X7C,19,6
X7C,20,1
X88,6,2
X88,7,2
X88,9,4
X88,11,4
X88,13,4
X88,14,2
X88,16,4
X88,18,2
X88,19,2
X90,6,2
X90,7,4
X90,8,4
X90,9,4
X90,10,4
X90,11,4
X90,12,4
X90,13,4
X90,14,4
X90,15,4
X90,16,3
X90,17,2
X90,18,8
X90,19,2
